-- ─────────────────────────────────────────────
-- Exercises
-- ─────────────────────────────────────────────
insert into public.exercises (id, name, is_bodyweight) values
  ('00000000-0000-0000-0000-000000000001', 'Bench Press',       false),
  ('00000000-0000-0000-0000-000000000002', 'Incline DB Press',  false),
  ('00000000-0000-0000-0000-000000000003', 'Overhead Press',    false),
  ('00000000-0000-0000-0000-000000000004', 'Lateral Raises',    false),
  ('00000000-0000-0000-0000-000000000005', 'Tricep Pushdown',   false),
  ('00000000-0000-0000-0000-000000000006', 'Deadlift',          false),
  ('00000000-0000-0000-0000-000000000007', 'Pull-ups',          true),
  ('00000000-0000-0000-0000-000000000008', 'Barbell Row',       false),
  ('00000000-0000-0000-0000-000000000009', 'Face Pulls',        false),
  ('00000000-0000-0000-0000-00000000000a', 'Bicep Curls',       false),
  ('00000000-0000-0000-0000-00000000000b', 'Squat',             false),
  ('00000000-0000-0000-0000-00000000000c', 'Romanian Deadlift', false),
  ('00000000-0000-0000-0000-00000000000d', 'Leg Press',         false),
  ('00000000-0000-0000-0000-00000000000e', 'Leg Curl',          false),
  ('00000000-0000-0000-0000-00000000000f', 'Calf Raises',       false)
on conflict (name) do nothing;

-- ─────────────────────────────────────────────
-- Training days
-- ─────────────────────────────────────────────
insert into public.training_days (id, name, sort_order) values
  ('10000000-0000-0000-0000-000000000001', 'Push', 1),
  ('10000000-0000-0000-0000-000000000002', 'Pull', 2),
  ('10000000-0000-0000-0000-000000000003', 'Legs', 3)
on conflict do nothing;

-- ─────────────────────────────────────────────
-- Push day
-- ─────────────────────────────────────────────
insert into public.day_exercises
  (training_day_id, exercise_id, sort_order, planned_sets, planned_reps, planned_weight)
values
  ('10000000-0000-0000-0000-000000000001', '00000000-0000-0000-0000-000000000001', 1, 4, 8,  80),
  ('10000000-0000-0000-0000-000000000001', '00000000-0000-0000-0000-000000000002', 2, 3, 10, 22),
  ('10000000-0000-0000-0000-000000000001', '00000000-0000-0000-0000-000000000003', 3, 3, 10, 50),
  ('10000000-0000-0000-0000-000000000001', '00000000-0000-0000-0000-000000000004', 4, 3, 15, 10),
  ('10000000-0000-0000-0000-000000000001', '00000000-0000-0000-0000-000000000005', 5, 3, 12, 20)
on conflict (training_day_id, exercise_id) do nothing;

-- ─────────────────────────────────────────────
-- Pull day
-- ─────────────────────────────────────────────
insert into public.day_exercises
  (training_day_id, exercise_id, sort_order, planned_sets, planned_reps, planned_weight)
values
  ('10000000-0000-0000-0000-000000000002', '00000000-0000-0000-0000-000000000006', 1, 4, 5,  120),
  ('10000000-0000-0000-0000-000000000002', '00000000-0000-0000-0000-000000000007', 2, 4, 8,  0),
  ('10000000-0000-0000-0000-000000000002', '00000000-0000-0000-0000-000000000008', 3, 4, 8,  70),
  ('10000000-0000-0000-0000-000000000002', '00000000-0000-0000-0000-000000000009', 4, 3, 15, 15),
  ('10000000-0000-0000-0000-000000000002', '00000000-0000-0000-0000-00000000000a', 5, 3, 12, 15)
on conflict (training_day_id, exercise_id) do nothing;

-- ─────────────────────────────────────────────
-- Legs day
-- ─────────────────────────────────────────────
insert into public.day_exercises
  (training_day_id, exercise_id, sort_order, planned_sets, planned_reps, planned_weight)
values
  ('10000000-0000-0000-0000-000000000003', '00000000-0000-0000-0000-00000000000b', 1, 4, 8,  100),
  ('10000000-0000-0000-0000-000000000003', '00000000-0000-0000-0000-00000000000c', 2, 3, 10, 80),
  ('10000000-0000-0000-0000-000000000003', '00000000-0000-0000-0000-00000000000d', 3, 3, 12, 150),
  ('10000000-0000-0000-0000-000000000003', '00000000-0000-0000-0000-00000000000e', 4, 3, 12, 40),
  ('10000000-0000-0000-0000-000000000003', '00000000-0000-0000-0000-00000000000f', 5, 4, 15, 60)
on conflict (training_day_id, exercise_id) do nothing;
